merchant_id,merchant_name,merchant_category,country,risk_category
MER00001,"Young, Ibarra and Martin",TRANSPORT,IN,LOW
MER00002,Barajas-Gonzales,FASHION,DE,HIGH
MER00003,"Davis, Kelly and Ross",FASHION,FR,HIGH
MER00004,Wheeler Group,UTILITIES,IT,LOW
MER00005,"Jimenez, Anderson and Robinson",RESTAURANT,IT,MEDIUM
MER00006,Dyer Inc,FASHION,PK,MEDIUM
MER00007,Lane-Rivers,GAMING,JP,MEDIUM
MER00008,Johnson-Harris,GAMING,DE,LOW
MER00009,"Higgins, Waters and Brooks",GROCERY,JP,MEDIUM
MER00010,"Le, Fritz and Russell",GROCERY,AE,LOW
MER00011,Rosario-Hamilton,TRAVEL,PK,MEDIUM
MER00012,Wilson LLC,TRAVEL,CA,MEDIUM
MER00013,Warner Ltd,GAMING,AU,MEDIUM
MER00014,Marquez and Sons,GROCERY,PK,HIGH
MER00015,"Jacobs, Clark and Thompson",GAMING,ES,LOW
MER00016,Richards Ltd,UTILITIES,US,LOW
MER00017,Maxwell-Ferguson,ELECTRONICS,IT,MEDIUM
MER00018,Williams Inc,ENTERTAINMENT,NL,HIGH
MER00019,Kim-Ward,RESTAURANT,DE,MEDIUM
MER00020,Barrett-Clark,GAMING,JP,LOW
MER00021,"Terry, Jordan and Fox",ENTERTAINMENT,BE,MEDIUM
MER00022,Mcguire Inc,E_COMMERCE,SG,MEDIUM
MER00023,"Mccoy, Blackwell and Charles",TRAVEL,GB,MEDIUM
MER00024,"Vasquez, Harris and Ferguson",FINANCIAL_SERVICES,AU,MEDIUM
MER00025,Harvey LLC,ENTERTAINMENT,ES,LOW
MER00026,Smith-Ward,E_COMMERCE,JP,LOW
MER00027,Anderson Group,FINANCIAL_SERVICES,CA,LOW
MER00028,"Sanders, Brown and Perry",E_COMMERCE,AU,LOW
MER00029,"Kelly, Watkins and Hernandez",RESTAURANT,IT,MEDIUM
MER00030,Woods PLC,ELECTRONICS,JP,MEDIUM
MER00031,Sampson LLC,ENTERTAINMENT,DE,LOW
MER00032,Beck PLC,UTILITIES,FR,LOW
MER00033,"King, Rogers and Weaver",GAMING,AU,LOW
MER00034,Davis Ltd,TRAVEL,JP,MEDIUM
MER00035,Smith-George,ELECTRONICS,JP,MEDIUM
MER00036,"Andersen, Williams and Rodriguez",TRANSPORT,ES,MEDIUM
MER00037,Smith Group,TRAVEL,AU,MEDIUM
MER00038,Jackson-Myers,TRAVEL,BE,MEDIUM
MER00039,Larson PLC,RESTAURANT,JP,LOW
MER00040,Bailey-Howe,FINANCIAL_SERVICES,GB,MEDIUM
MER00041,Hall-Hubbard,TRAVEL,IT,LOW
MER00042,"Thomas, Winters and Moreno",TRANSPORT,PK,LOW
MER00043,Orr-Watson,FASHION,US,LOW
MER00044,"Espinoza, Calhoun and Taylor",TRAVEL,IN,LOW
MER00045,Stevens-Hanson,GAMING,CA,LOW
MER00046,"Spencer, Hunt and Lee",E_COMMERCE,IN,HIGH
MER00047,Moore-Garcia,UTILITIES,NL,MEDIUM
MER00048,Herrera Group,TRANSPORT,GB,MEDIUM
MER00049,Phillips-Marshall,FINANCIAL_SERVICES,AU,LOW
MER00050,"Terry, Kelley and Cohen",TRANSPORT,IT,LOW
MER00051,Huynh PLC,ELECTRONICS,CA,HIGH
MER00052,Valdez-Hall,FINANCIAL_SERVICES,BE,LOW
MER00053,Reed-Hill,RESTAURANT,FR,LOW
MER00054,Clark PLC,RESTAURANT,JP,HIGH
MER00055,"Diaz, Rodriguez and Jenkins",FINANCIAL_SERVICES,SG,HIGH
MER00056,Jones Ltd,GAMING,BE,LOW
MER00057,Brown Ltd,ENTERTAINMENT,NL,MEDIUM
MER00058,Reed-Love,ENTERTAINMENT,IN,MEDIUM
MER00059,"Carroll, Reeves and Lopez",E_COMMERCE,AU,LOW
MER00060,"Sanchez, Hill and Sanchez",ENTERTAINMENT,US,LOW
MER00061,Martin-Vazquez,RESTAURANT,BE,HIGH
MER00062,Romero Ltd,FINANCIAL_SERVICES,IN,MEDIUM
MER00063,"Morrison, Lewis and Stewart",HEALTHCARE,IN,LOW
MER00064,"Bailey, Morris and Ramirez",GAMING,IT,LOW
MER00065,"Fischer, Novak and Perez",RESTAURANT,ES,HIGH
MER00066,Reyes-Howell,HEALTHCARE,JP,MEDIUM
MER00067,Johnston PLC,UTILITIES,BE,MEDIUM
MER00068,Morton-Green,E_COMMERCE,FR,LOW
MER00069,Giles-Walton,ENTERTAINMENT,AE,HIGH
MER00070,"Garrett, Beck and Mcdonald",GAMING,PK,MEDIUM
MER00071,Webb PLC,TRAVEL,CA,MEDIUM
MER00072,Perkins-Jackson,GROCERY,DE,LOW
MER00073,Lee LLC,GROCERY,ES,HIGH
MER00074,"Valdez, Bennett and Webb",RESTAURANT,NL,HIGH
MER00075,Miller PLC,TRAVEL,FR,HIGH
MER00076,"Stone, Johnson and Jones",E_COMMERCE,US,MEDIUM
MER00077,Hinton Ltd,RESTAURANT,AE,LOW
MER00078,Butler-Ford,UTILITIES,ES,MEDIUM
MER00079,Robinson-Taylor,UTILITIES,ES,LOW
MER00080,Ruiz Group,HEALTHCARE,IN,LOW
MER00081,Lewis Inc,RESTAURANT,BE,LOW
MER00082,Schultz Group,TRAVEL,GB,MEDIUM
MER00083,Wade Inc,GAMING,FR,LOW
MER00084,Baxter and Sons,UTILITIES,US,MEDIUM
MER00085,Reynolds Inc,GAMING,AE,HIGH
MER00086,Daniels Ltd,TRAVEL,IT,HIGH
MER00087,Casey and Sons,E_COMMERCE,FR,LOW
MER00088,Brooks-White,RESTAURANT,BE,MEDIUM
MER00089,Martin-Fernandez,FASHION,GB,MEDIUM
MER00090,Williams-White,TRANSPORT,IN,MEDIUM
MER00091,"Rodriguez, Hernandez and Evans",E_COMMERCE,AU,LOW
MER00092,Powell LLC,E_COMMERCE,PK,MEDIUM
MER00093,Irwin-Bryant,FASHION,NL,LOW
MER00094,Grimes-Medina,TRAVEL,DE,LOW
MER00095,Gardner-Allen,ELECTRONICS,NL,MEDIUM
MER00096,Schultz Group,FINANCIAL_SERVICES,PK,LOW
MER00097,"Green, Ryan and Turner",E_COMMERCE,CA,HIGH
MER00098,"Ruiz, Baker and Brooks",ELECTRONICS,AU,MEDIUM
MER00099,Maxwell Inc,ELECTRONICS,PK,MEDIUM
MER00100,Marshall-Dickson,RESTAURANT,ES,MEDIUM
MER00101,"Holmes, Reese and Johnson",UTILITIES,ES,HIGH
MER00102,Miller-Hooper,UTILITIES,BE,LOW
MER00103,Torres-Sanchez,FINANCIAL_SERVICES,AU,MEDIUM
MER00104,Doyle Group,ENTERTAINMENT,NL,LOW
MER00105,"Mitchell, Rodriguez and Aguirre",ENTERTAINMENT,AE,MEDIUM
MER00106,Campbell-Salazar,TRAVEL,BE,MEDIUM
MER00107,Reyes-Phillips,TRAVEL,GB,MEDIUM
MER00108,Gomez and Sons,TRANSPORT,AE,HIGH
MER00109,"Coleman, Sutton and Pratt",E_COMMERCE,IN,LOW
MER00110,"Richardson, Myers and Sweeney",ENTERTAINMENT,GB,MEDIUM
MER00111,"Webster, Lopez and Holmes",TRANSPORT,BE,MEDIUM
MER00112,"Fitzgerald, Flores and Barnes",ENTERTAINMENT,PK,MEDIUM
MER00113,"Martinez, Perez and Soto",FASHION,GB,MEDIUM
MER00114,Butler and Sons,GAMING,BE,LOW
MER00115,Robbins Ltd,HEALTHCARE,JP,MEDIUM
MER00116,Wheeler PLC,GROCERY,SG,LOW
MER00117,Johnson-Scott,TRANSPORT,DE,MEDIUM
MER00118,Lee LLC,ELECTRONICS,IN,LOW
MER00119,"Johnson, Reese and Callahan",HEALTHCARE,GB,MEDIUM
MER00120,Miller-Miller,UTILITIES,SG,MEDIUM
MER00121,Valencia Ltd,ENTERTAINMENT,PK,LOW
MER00122,"Miranda, Oconnor and White",RESTAURANT,DE,LOW
MER00123,Durham-Shepard,GAMING,AU,LOW
MER00124,Wagner PLC,UTILITIES,BE,LOW
MER00125,Lee and Sons,ELECTRONICS,IN,MEDIUM
MER00126,"Willis, Miller and Cameron",HEALTHCARE,CA,LOW
MER00127,Strickland Ltd,E_COMMERCE,NL,MEDIUM
MER00128,Mccarty Group,FASHION,NL,MEDIUM
MER00129,"Stephens, Torres and Richardson",UTILITIES,US,LOW
MER00130,"Taylor, Young and Juarez",FINANCIAL_SERVICES,FR,MEDIUM
MER00131,"Bishop, Macdonald and Cruz",ENTERTAINMENT,FR,HIGH
MER00132,"Howell, Silva and Ferguson",FASHION,GB,LOW
MER00133,"Randall, Silva and Mcclure",GAMING,SG,MEDIUM
MER00134,"Brown, Kelly and Bauer",TRANSPORT,IT,HIGH
MER00135,Juarez-Stewart,E_COMMERCE,AE,MEDIUM
MER00136,Odonnell-Smith,GROCERY,BE,HIGH
MER00137,Sims Group,RESTAURANT,NL,MEDIUM
MER00138,Carey Group,HEALTHCARE,ES,LOW
MER00139,"Collier, Clark and Wheeler",GAMING,FR,HIGH
MER00140,"Fernandez, Gibson and Garrett",GROCERY,ES,HIGH
MER00141,Jones-Berg,E_COMMERCE,AU,LOW
MER00142,"Moss, Cortez and Bailey",E_COMMERCE,BE,LOW
MER00143,Snyder Ltd,TRAVEL,ES,MEDIUM
MER00144,"Hobbs, Collins and Thomas",E_COMMERCE,FR,MEDIUM
MER00145,"Pierce, Powers and Trevino",GAMING,IN,HIGH
MER00146,Horton and Sons,ENTERTAINMENT,NL,HIGH
MER00147,Hopkins Inc,FASHION,IN,LOW
MER00148,"Williams, Spence and Sims",HEALTHCARE,PK,MEDIUM
MER00149,Walker-Carpenter,ELECTRONICS,IT,HIGH
MER00150,"Yang, Welch and Kennedy",ENTERTAINMENT,DE,MEDIUM
MER00151,"Garrett, Nixon and Schneider",ENTERTAINMENT,US,MEDIUM
MER00152,Oliver-Alvarado,HEALTHCARE,IN,HIGH
MER00153,Trevino and Sons,ELECTRONICS,DE,HIGH
MER00154,Johnson Group,E_COMMERCE,DE,HIGH
MER00155,Martin-Lee,ELECTRONICS,AU,LOW
MER00156,"Jacobs, Davis and Wolfe",TRANSPORT,BE,MEDIUM
MER00157,Andrews-Pennington,FINANCIAL_SERVICES,IT,MEDIUM
MER00158,"Brown, Cunningham and Nelson",TRAVEL,BE,HIGH
MER00159,Horne-Rich,TRAVEL,IN,LOW
MER00160,Jones Ltd,GAMING,CA,LOW
MER00161,Reynolds Ltd,UTILITIES,AU,HIGH
MER00162,"Joseph, Rojas and Obrien",UTILITIES,IN,HIGH
MER00163,"Hart, White and Chapman",RESTAURANT,AU,MEDIUM
MER00164,Boyd LLC,ELECTRONICS,AU,LOW
MER00165,Greene-Davis,GAMING,BE,HIGH
MER00166,"Jacobs, Chavez and Stewart",FINANCIAL_SERVICES,AU,LOW
MER00167,"Carter, Davis and Robinson",E_COMMERCE,ES,MEDIUM
MER00168,"Rodriguez, Lowe and Jones",HEALTHCARE,SG,HIGH
MER00169,Johnson Inc,ELECTRONICS,JP,LOW
MER00170,Schaefer LLC,GROCERY,ES,MEDIUM
MER00171,"Soto, Blair and Yang",GROCERY,SG,LOW
MER00172,Foley LLC,RESTAURANT,CA,MEDIUM
MER00173,Clarke-Evans,ENTERTAINMENT,JP,MEDIUM
MER00174,"Griffith, Taylor and Johnston",TRAVEL,US,LOW
MER00175,Jones-Rogers,RESTAURANT,DE,LOW
MER00176,Martinez-English,UTILITIES,PK,MEDIUM
MER00177,Summers-Bennett,TRAVEL,IT,MEDIUM
MER00178,"Smith, Lee and Romero",GROCERY,IN,MEDIUM
MER00179,Graham-Rhodes,UTILITIES,CA,HIGH
MER00180,Bass PLC,GROCERY,DE,LOW
MER00181,Larsen and Sons,GROCERY,JP,LOW
MER00182,"Phillips, Welch and Ray",ELECTRONICS,JP,MEDIUM
MER00183,Goodman-Jones,FASHION,AE,HIGH
MER00184,Taylor-Grimes,RESTAURANT,IN,MEDIUM
MER00185,"Rodriguez, Moyer and Dillon",HEALTHCARE,JP,HIGH
MER00186,Gomez-Hernandez,GROCERY,NL,LOW
MER00187,"Blackwell, Ellis and Sanchez",FINANCIAL_SERVICES,IN,LOW
MER00188,Wallace LLC,HEALTHCARE,AU,LOW
MER00189,Jensen-Haney,TRANSPORT,AE,LOW
MER00190,Gutierrez-Friedman,GAMING,NL,LOW
MER00191,Alexander-Maddox,UTILITIES,BE,HIGH
MER00192,"Marshall, Wolf and Gonzalez",E_COMMERCE,NL,LOW
MER00193,Little PLC,FINANCIAL_SERVICES,FR,LOW
MER00194,"Hughes, Barron and Harris",GROCERY,ES,HIGH
MER00195,Hernandez-Stewart,ENTERTAINMENT,CA,LOW
MER00196,Sutton-Gonzalez,TRANSPORT,PK,LOW
MER00197,Boyer Inc,GAMING,CA,MEDIUM
MER00198,Edwards-Lara,ENTERTAINMENT,BE,MEDIUM
MER00199,Kelly-Rivers,HEALTHCARE,FR,MEDIUM
MER00200,Murphy Group,E_COMMERCE,US,LOW
MER00201,"Weaver, Griffith and Gonzales",GROCERY,BE,HIGH
MER00202,Vazquez LLC,ENTERTAINMENT,BE,LOW
MER00203,Lopez LLC,RESTAURANT,BE,MEDIUM
MER00204,Garcia and Sons,UTILITIES,FR,LOW
MER00205,Jensen PLC,ELECTRONICS,US,MEDIUM
MER00206,"Garrison, Anderson and Horton",HEALTHCARE,AE,LOW
MER00207,Taylor-Scott,HEALTHCARE,IN,MEDIUM
MER00208,"Thomas, Esparza and Scott",GAMING,GB,LOW
MER00209,Howell Inc,GAMING,IN,MEDIUM
MER00210,Martinez-Hooper,GAMING,DE,MEDIUM
MER00211,"Allen, Moore and Morgan",ENTERTAINMENT,AU,LOW
MER00212,"Smith, Smith and Downs",ELECTRONICS,IT,LOW
MER00213,Walker and Sons,TRANSPORT,ES,LOW
MER00214,Castaneda-Bowman,TRANSPORT,AE,LOW
MER00215,Adams-Scott,UTILITIES,GB,LOW
MER00216,Browning Inc,ELECTRONICS,AE,MEDIUM
MER00217,Bates Group,ELECTRONICS,IN,MEDIUM
MER00218,Chen-Ryan,HEALTHCARE,ES,MEDIUM
MER00219,Howard LLC,GROCERY,SG,HIGH
MER00220,"Smith, Howard and Figueroa",UTILITIES,GB,MEDIUM
MER00221,Cannon-Montoya,E_COMMERCE,IN,LOW
MER00222,"Allison, Torres and Hall",UTILITIES,GB,HIGH
MER00223,"Miles, Stone and Martin",ELECTRONICS,DE,MEDIUM
MER00224,Gonzalez Ltd,GAMING,AU,HIGH
MER00225,Wu LLC,ENTERTAINMENT,PK,MEDIUM
MER00226,Meadows and Sons,FASHION,FR,LOW
MER00227,"Harrell, White and Bowers",TRANSPORT,IN,HIGH
MER00228,Hernandez Inc,HEALTHCARE,ES,MEDIUM
MER00229,Wagner Ltd,GROCERY,DE,LOW
MER00230,Terrell Group,FINANCIAL_SERVICES,ES,LOW
MER00231,Foster LLC,RESTAURANT,BE,HIGH
MER00232,Gamble-Brown,GROCERY,ES,MEDIUM
MER00233,"Williams, Boyd and Martinez",ENTERTAINMENT,AE,LOW
MER00234,Meza and Sons,FINANCIAL_SERVICES,AU,MEDIUM
MER00235,"Leon, Spencer and Turner",RESTAURANT,AU,LOW
MER00236,"Pittman, Parker and White",HEALTHCARE,AE,LOW
MER00237,Freeman PLC,ENTERTAINMENT,SG,MEDIUM
MER00238,Smith Inc,TRAVEL,NL,MEDIUM
MER00239,"Barker, Palmer and Martin",GAMING,BE,HIGH
MER00240,"Krueger, Frey and Hobbs",TRAVEL,GB,LOW
MER00241,Perez-Curtis,ELECTRONICS,US,MEDIUM
MER00242,Reed Ltd,TRANSPORT,IN,HIGH
MER00243,May-Young,ENTERTAINMENT,SG,MEDIUM
MER00244,Fry PLC,RESTAURANT,SG,LOW
MER00245,"Nichols, Hayes and Anderson",TRANSPORT,SG,HIGH
MER00246,Smith-Harris,FINANCIAL_SERVICES,US,MEDIUM
MER00247,Cervantes Inc,GROCERY,US,LOW
MER00248,Lee-Lane,TRANSPORT,CA,LOW
MER00249,"Watkins, Johnson and Reyes",GAMING,JP,HIGH
MER00250,"Villarreal, Taylor and Curry",FINANCIAL_SERVICES,IN,HIGH
MER00251,Tate-Williams,RESTAURANT,DE,HIGH
MER00252,"Garcia, Flores and Rivera",TRAVEL,IT,MEDIUM
MER00253,Hamilton and Sons,ELECTRONICS,AU,HIGH
MER00254,Herring Group,E_COMMERCE,PK,LOW
MER00255,Anderson-Moore,RESTAURANT,IT,LOW
MER00256,Benton PLC,E_COMMERCE,IT,LOW
MER00257,"Butler, Navarro and Wells",GAMING,DE,MEDIUM
MER00258,Levine LLC,GAMING,FR,MEDIUM
MER00259,Stone and Sons,RESTAURANT,PK,LOW
MER00260,"Garcia, Buchanan and Bennett",TRANSPORT,US,MEDIUM
MER00261,"Chung, English and Ferrell",UTILITIES,AE,MEDIUM
MER00262,Nguyen and Sons,TRAVEL,IT,HIGH
MER00263,Hogan-Jones,HEALTHCARE,CA,MEDIUM
MER00264,Alvarado Inc,GROCERY,JP,MEDIUM
MER00265,"Nelson, Chavez and Lindsey",RESTAURANT,SG,LOW
MER00266,Porter-Harrison,E_COMMERCE,JP,LOW
MER00267,Jones PLC,GROCERY,SG,MEDIUM
MER00268,Becker and Sons,E_COMMERCE,ES,LOW
MER00269,Delgado and Sons,ENTERTAINMENT,NL,MEDIUM
MER00270,Potts Group,GAMING,NL,HIGH
MER00271,"Sanders, White and Horn",ELECTRONICS,IT,LOW
MER00272,Miller PLC,HEALTHCARE,AU,MEDIUM
MER00273,Jordan-Humphrey,TRANSPORT,AE,LOW
MER00274,"Morris, Guerrero and Miller",ENTERTAINMENT,GB,MEDIUM
MER00275,Gamble-Jones,HEALTHCARE,BE,LOW
MER00276,"Pena, Mccormick and Oliver",GROCERY,AE,LOW
MER00277,Leach and Sons,GAMING,ES,LOW
MER00278,Reynolds-Norton,UTILITIES,AU,LOW
MER00279,"Williams, Daniels and Fitzpatrick",FINANCIAL_SERVICES,FR,HIGH
MER00280,Robinson Group,TRANSPORT,ES,LOW
MER00281,"Bishop, Mccormick and Osborne",E_COMMERCE,ES,LOW
MER00282,"Roach, Ingram and Harris",RESTAURANT,AE,MEDIUM
MER00283,"Reed, Meyer and Jensen",FINANCIAL_SERVICES,FR,LOW
MER00284,Sullivan Group,GAMING,CA,LOW
MER00285,May-Rogers,GAMING,IN,LOW
MER00286,Meyer-Fernandez,HEALTHCARE,IT,MEDIUM
MER00287,Graves-Pena,ENTERTAINMENT,JP,LOW
MER00288,Alvarez-Wiley,GROCERY,NL,LOW
MER00289,Walker Group,GROCERY,PK,LOW
MER00290,"Oneill, Moyer and Lopez",GAMING,SG,MEDIUM
MER00291,Blake and Sons,E_COMMERCE,AU,LOW
MER00292,"Lewis, Whitney and Austin",GAMING,SG,LOW
MER00293,Miller Ltd,TRAVEL,US,LOW
MER00294,Cross-Wiggins,ELECTRONICS,IT,MEDIUM
MER00295,"Ponce, Barnes and Humphrey",TRAVEL,DE,MEDIUM
MER00296,Hensley and Sons,E_COMMERCE,CA,LOW
MER00297,Diaz-Patterson,RESTAURANT,FR,HIGH
MER00298,"Fernandez, Curry and Johnson",ELECTRONICS,PK,LOW
MER00299,Lawson-Owens,FINANCIAL_SERVICES,AU,MEDIUM
MER00300,Gonzalez LLC,FASHION,AU,MEDIUM
MER00301,Hunt Inc,ENTERTAINMENT,BE,MEDIUM
MER00302,"Thompson, Rubio and Lawrence",RESTAURANT,ES,LOW
MER00303,Chambers-Carpenter,HEALTHCARE,GB,LOW
MER00304,Brown Ltd,GROCERY,JP,MEDIUM
MER00305,Hurst and Sons,GROCERY,ES,MEDIUM
MER00306,"Yoder, Garcia and Davis",RESTAURANT,ES,LOW
MER00307,"Taylor, Scott and Arias",GROCERY,NL,MEDIUM
MER00308,Goodman-Gonzalez,GAMING,IN,MEDIUM
MER00309,Armstrong and Sons,ENTERTAINMENT,GB,HIGH
MER00310,"Bauer, Peterson and Johnston",GAMING,JP,LOW
MER00311,"Hernandez, Burns and Torres",TRAVEL,JP,MEDIUM
MER00312,Perez PLC,UTILITIES,ES,LOW
MER00313,Waters and Sons,FINANCIAL_SERVICES,DE,LOW
MER00314,Rose PLC,FINANCIAL_SERVICES,PK,LOW
MER00315,"Preston, Cannon and Ortiz",GAMING,FR,LOW
MER00316,"Norton, Schmidt and Cabrera",TRAVEL,DE,LOW
MER00317,Brady Inc,UTILITIES,NL,MEDIUM
MER00318,Cruz-Duncan,FINANCIAL_SERVICES,CA,MEDIUM
MER00319,Martinez-Young,GROCERY,BE,MEDIUM
MER00320,Hall PLC,UTILITIES,ES,LOW
MER00321,Carey-Taylor,TRANSPORT,IN,LOW
MER00322,Graves Inc,UTILITIES,CA,MEDIUM
MER00323,Delacruz and Sons,ELECTRONICS,NL,LOW
MER00324,"Williams, Flynn and Collins",FINANCIAL_SERVICES,JP,MEDIUM
MER00325,Daniels PLC,FINANCIAL_SERVICES,NL,MEDIUM
MER00326,Miles-Davis,E_COMMERCE,US,LOW
MER00327,"Francis, Holloway and Walker",HEALTHCARE,NL,LOW
MER00328,Ho-Brandt,GROCERY,JP,LOW
MER00329,Smith-Andrews,ENTERTAINMENT,US,LOW
MER00330,"Dunn, Ortiz and Estrada",GAMING,ES,LOW
MER00331,Ward-Watkins,ELECTRONICS,US,MEDIUM
MER00332,"Smith, Barrera and Ross",UTILITIES,IT,LOW
MER00333,Ramirez-Sanchez,GROCERY,AU,LOW
MER00334,"Peterson, Parker and Turner",FASHION,IN,LOW
MER00335,"Castillo, Barnes and Fields",ENTERTAINMENT,DE,LOW
MER00336,Wells and Sons,ENTERTAINMENT,NL,MEDIUM
MER00337,Li PLC,ELECTRONICS,SG,MEDIUM
MER00338,"Moyer, Brown and Hodge",TRANSPORT,NL,LOW
MER00339,Brown Group,ENTERTAINMENT,AE,HIGH
MER00340,Norton and Sons,E_COMMERCE,BE,LOW
MER00341,Ali Group,FINANCIAL_SERVICES,ES,MEDIUM
MER00342,"Smith, Gill and Wells",TRANSPORT,AE,MEDIUM
MER00343,Farmer-Johnson,FASHION,JP,LOW
MER00344,"Campbell, Lopez and Murray",ELECTRONICS,GB,LOW
MER00345,King Inc,TRANSPORT,PK,MEDIUM
MER00346,"Drake, Parker and Williams",GROCERY,IT,LOW
MER00347,Pierce-Washington,RESTAURANT,IT,MEDIUM
MER00348,"Stephens, Peck and Mcdaniel",TRANSPORT,PK,LOW
MER00349,Douglas LLC,RESTAURANT,ES,LOW
MER00350,Brown Ltd,RESTAURANT,AU,LOW
MER00351,"Stokes, King and Perez",FASHION,AE,HIGH
MER00352,Stewart-Jones,UTILITIES,AU,MEDIUM
MER00353,Aguirre-Alvarez,ENTERTAINMENT,BE,MEDIUM
MER00354,"Irwin, Vaughan and Anderson",UTILITIES,IT,LOW
MER00355,Williams PLC,HEALTHCARE,US,MEDIUM
MER00356,Reynolds Ltd,E_COMMERCE,PK,HIGH
MER00357,"Payne, Hansen and Jones",HEALTHCARE,AE,HIGH
MER00358,"Long, Ibarra and Woods",ELECTRONICS,DE,LOW
MER00359,"Vasquez, Werner and Peterson",E_COMMERCE,IN,LOW
MER00360,Andrade Group,RESTAURANT,NL,LOW
MER00361,Beck Group,GROCERY,BE,HIGH
MER00362,"Castillo, Jordan and James",TRANSPORT,IT,HIGH
MER00363,"Gilbert, Ramsey and Bell",ENTERTAINMENT,IT,LOW
MER00364,Glover-Brown,ENTERTAINMENT,ES,MEDIUM
MER00365,Arnold and Sons,E_COMMERCE,ES,LOW
MER00366,Hernandez-Chavez,HEALTHCARE,IN,LOW
MER00367,Sparks Group,HEALTHCARE,FR,LOW
MER00368,Castro-Krueger,RESTAURANT,PK,MEDIUM
MER00369,Hawkins PLC,ELECTRONICS,US,LOW
MER00370,Ortiz-Steele,HEALTHCARE,IN,LOW
MER00371,Stewart-Watson,GROCERY,JP,MEDIUM
MER00372,Huffman Ltd,E_COMMERCE,IT,LOW
MER00373,Saunders-Stewart,UTILITIES,AU,MEDIUM
MER00374,"Richardson, Robinson and Armstrong",GAMING,JP,MEDIUM
MER00375,"Hernandez, Cordova and Alexander",HEALTHCARE,PK,MEDIUM
MER00376,"Stein, Fowler and Parker",TRAVEL,IT,LOW
MER00377,Thornton LLC,RESTAURANT,ES,LOW
MER00378,Gonzales-Lewis,ELECTRONICS,CA,MEDIUM
MER00379,Hunter LLC,GAMING,IT,MEDIUM
MER00380,Lucas-Phillips,ELECTRONICS,BE,HIGH
MER00381,"Jenkins, Campos and Hanna",TRANSPORT,PK,LOW
MER00382,"Perez, Torres and Gill",TRAVEL,GB,LOW
MER00383,Lane-Steele,TRANSPORT,DE,MEDIUM
MER00384,"Snow, Paul and Velazquez",ELECTRONICS,NL,LOW
MER00385,"Jordan, Kelley and Harris",GROCERY,SG,MEDIUM
MER00386,"Pugh, Forbes and Larsen",ELECTRONICS,CA,MEDIUM
MER00387,Patterson Group,FINANCIAL_SERVICES,AU,HIGH
MER00388,Newton Group,TRANSPORT,AU,HIGH
MER00389,"Sweeney, Mcgee and Conley",RESTAURANT,JP,MEDIUM
MER00390,"Vang, Turner and Johnson",RESTAURANT,DE,MEDIUM
MER00391,Love LLC,ENTERTAINMENT,AU,LOW
MER00392,"Mcneil, Parks and Pratt",RESTAURANT,CA,MEDIUM
MER00393,"Fisher, Klein and Glover",FINANCIAL_SERVICES,IN,MEDIUM
MER00394,Trujillo-Cervantes,ENTERTAINMENT,IT,LOW
MER00395,"Brown, Hull and Page",GAMING,AE,LOW
MER00396,Marsh-Reyes,ENTERTAINMENT,GB,LOW
MER00397,Bryant and Sons,GAMING,IT,MEDIUM
MER00398,Soto Inc,GAMING,SG,LOW
MER00399,Perez Inc,TRAVEL,BE,LOW
MER00400,"Young, Williams and Williams",TRAVEL,IT,LOW
MER00401,Hogan LLC,GAMING,AU,MEDIUM
MER00402,Johnson-Colon,RESTAURANT,SG,MEDIUM
MER00403,Taylor-Stark,E_COMMERCE,US,HIGH
MER00404,Smith-Yates,ENTERTAINMENT,FR,LOW
MER00405,"Johnson, Mcdonald and Wiley",UTILITIES,IN,HIGH
MER00406,Ellis-Turner,E_COMMERCE,IT,LOW
MER00407,Walker-Bell,ENTERTAINMENT,ES,LOW
MER00408,"Butler, Jennings and Montoya",GAMING,IN,LOW
MER00409,Brewer-Brown,GROCERY,IN,MEDIUM
MER00410,Patrick Inc,RESTAURANT,JP,HIGH
MER00411,Ross PLC,HEALTHCARE,SG,LOW
MER00412,"Thompson, Shaw and Long",FASHION,DE,LOW
MER00413,"Barrera, Hickman and Peterson",E_COMMERCE,IT,LOW
MER00414,Petersen-Thomas,TRAVEL,JP,LOW
MER00415,Harding Ltd,TRANSPORT,JP,HIGH
MER00416,"Wilson, Russo and Stokes",GAMING,AE,MEDIUM
MER00417,"Murray, Smith and Wilson",E_COMMERCE,AE,LOW
MER00418,"Trujillo, Dodson and Smith",HEALTHCARE,NL,MEDIUM
MER00419,Combs LLC,UTILITIES,IT,HIGH
MER00420,Greene-Knox,HEALTHCARE,FR,LOW
MER00421,"Wang, Williams and Miller",E_COMMERCE,PK,LOW
MER00422,Meyer-Holmes,E_COMMERCE,PK,LOW
MER00423,"Hunter, Orozco and Hunter",UTILITIES,US,MEDIUM
MER00424,"Jones, Lopez and Francis",FASHION,AU,MEDIUM
MER00425,"Keller, Lopez and Mcdonald",GROCERY,DE,LOW
MER00426,Roman-Hunter,RESTAURANT,NL,MEDIUM
MER00427,Schneider LLC,GAMING,CA,LOW
MER00428,Jordan PLC,E_COMMERCE,US,LOW
MER00429,Johnson-Shea,GAMING,NL,MEDIUM
MER00430,Jacobson-Galloway,E_COMMERCE,BE,LOW
MER00431,Hall PLC,FASHION,US,MEDIUM
MER00432,Davis-Brooks,GAMING,AU,LOW
MER00433,"Marshall, Garrett and Meyer",E_COMMERCE,BE,MEDIUM
MER00434,Alvarez-Wilson,RESTAURANT,IT,LOW
MER00435,"Savage, Thompson and Proctor",UTILITIES,PK,MEDIUM
MER00436,"Gray, Hernandez and Harrington",TRANSPORT,US,MEDIUM
MER00437,Moreno-Casey,RESTAURANT,BE,MEDIUM
MER00438,"Mann, Glover and Carroll",ELECTRONICS,GB,LOW
MER00439,Jimenez PLC,RESTAURANT,PK,MEDIUM
MER00440,Henry-Knox,GROCERY,FR,LOW
MER00441,Orr-Anderson,ENTERTAINMENT,NL,LOW
MER00442,Oconnor Group,E_COMMERCE,AE,MEDIUM
MER00443,Davidson-Ryan,FASHION,US,LOW
MER00444,Carey and Sons,GAMING,DE,LOW
MER00445,Bryant-Sanders,RESTAURANT,IT,MEDIUM
MER00446,"Hart, Flynn and Lopez",ELECTRONICS,ES,MEDIUM
MER00447,Martin Ltd,RESTAURANT,BE,LOW
MER00448,Carr Ltd,GROCERY,FR,LOW
MER00449,"Chaney, Mathews and Patrick",FASHION,GB,MEDIUM
MER00450,"Smith, King and Ross",HEALTHCARE,BE,LOW
MER00451,"Carlson, Nguyen and Smith",UTILITIES,IT,MEDIUM
MER00452,Garcia LLC,TRAVEL,JP,MEDIUM
MER00453,Nguyen LLC,HEALTHCARE,NL,HIGH
MER00454,Perez Group,RESTAURANT,IN,HIGH
MER00455,Thompson-Ingram,TRANSPORT,SG,LOW
MER00456,"Whitaker, Sanchez and Torres",ELECTRONICS,AE,MEDIUM
MER00457,"Adkins, Sherman and Rhodes",FASHION,DE,LOW
MER00458,"Hood, Flores and Knight",GROCERY,IN,LOW
MER00459,Johnson-Medina,E_COMMERCE,DE,MEDIUM
MER00460,Donovan-Cooke,RESTAURANT,AE,MEDIUM
MER00461,Jackson Inc,TRAVEL,ES,MEDIUM
MER00462,Castillo-Miranda,HEALTHCARE,IT,LOW
MER00463,"Mccall, Potts and Booth",RESTAURANT,BE,LOW
MER00464,"Taylor, Sloan and Caldwell",UTILITIES,ES,HIGH
MER00465,"Adams, Young and Mccormick",GROCERY,CA,HIGH
MER00466,Sanders Group,TRAVEL,IN,HIGH
MER00467,"Jones, Schneider and Mitchell",GROCERY,DE,LOW
MER00468,"Lewis, Mayer and Miller",E_COMMERCE,GB,LOW
MER00469,"Bell, Walker and Smith",GROCERY,US,LOW
MER00470,Carter-Tyler,FASHION,FR,MEDIUM
MER00471,Anderson-Meyer,ENTERTAINMENT,JP,MEDIUM
MER00472,Weaver-Yoder,E_COMMERCE,SG,HIGH
MER00473,Miller LLC,E_COMMERCE,BE,LOW
MER00474,Smith-Morales,E_COMMERCE,AU,LOW
MER00475,Hall-Evans,FASHION,NL,LOW
MER00476,"Ball, Murphy and Chapman",FINANCIAL_SERVICES,IN,HIGH
MER00477,Duffy Inc,HEALTHCARE,NL,MEDIUM
MER00478,Perez Ltd,RESTAURANT,IT,MEDIUM
MER00479,Greene-Randolph,RESTAURANT,AU,LOW
MER00480,Blankenship-Lloyd,ELECTRONICS,BE,MEDIUM
MER00481,Rose-Shannon,GROCERY,IN,LOW
MER00482,"Ibarra, Smith and Romero",ELECTRONICS,GB,LOW
MER00483,"Howard, Beck and Velazquez",FINANCIAL_SERVICES,BE,LOW
MER00484,Stephens and Sons,TRAVEL,ES,MEDIUM
MER00485,Palmer-Carter,ENTERTAINMENT,ES,MEDIUM
MER00486,Thomas Group,HEALTHCARE,GB,MEDIUM
MER00487,Dunlap PLC,E_COMMERCE,SG,LOW
MER00488,"Schneider, Edwards and Hanson",FINANCIAL_SERVICES,GB,MEDIUM
MER00489,"Murphy, Davis and Juarez",RESTAURANT,GB,MEDIUM
MER00490,"Barry, Johnson and Boyd",GAMING,NL,MEDIUM
MER00491,Goodwin-Williams,GROCERY,AU,LOW
MER00492,"Smith, Wells and Mitchell",ELECTRONICS,AE,LOW
MER00493,"Donovan, Davis and Bishop",E_COMMERCE,ES,LOW
MER00494,Johnson Ltd,E_COMMERCE,SG,HIGH
MER00495,Jones Inc,ELECTRONICS,FR,MEDIUM
MER00496,Parks-Paul,FASHION,AE,LOW
MER00497,Poole and Sons,ELECTRONICS,ES,LOW
MER00498,"Williams, Bailey and Stevenson",HEALTHCARE,AU,MEDIUM
MER00499,Wilson-Wheeler,FASHION,FR,LOW
MER00500,"Douglas, Pearson and Mclaughlin",HEALTHCARE,IT,LOW
MER00501,"Kidd, Hess and Lowe",GAMING,AU,MEDIUM
MER00502,Smith-Mcgee,FINANCIAL_SERVICES,FR,HIGH
MER00503,"Mendoza, Bradford and Miranda",ENTERTAINMENT,IT,MEDIUM
MER00504,Carr-Thompson,HEALTHCARE,AU,LOW
MER00505,Farrell LLC,RESTAURANT,DE,MEDIUM
MER00506,Jones-Martin,RESTAURANT,FR,LOW
MER00507,"Lambert, Hart and Castillo",ELECTRONICS,GB,LOW
MER00508,Herman-Cox,UTILITIES,PK,MEDIUM
MER00509,Washington-Brown,E_COMMERCE,BE,LOW
MER00510,"Fernandez, Diaz and Whitehead",FINANCIAL_SERVICES,DE,HIGH
MER00511,"Marsh, Roberts and Gibson",GAMING,SG,LOW
MER00512,"Watson, Gaines and Wolfe",E_COMMERCE,NL,LOW
MER00513,Mathews Inc,RESTAURANT,FR,LOW
MER00514,"Archer, Burton and Ward",GAMING,FR,HIGH
MER00515,Smith-Hudson,TRAVEL,NL,HIGH
MER00516,Johnson-Jensen,UTILITIES,US,LOW
MER00517,Smith Ltd,TRANSPORT,SG,MEDIUM
MER00518,"Turner, Miller and Lewis",TRANSPORT,IN,LOW
MER00519,Green-Flores,TRANSPORT,CA,LOW
MER00520,Bean Inc,TRANSPORT,BE,HIGH
MER00521,"Moore, Murillo and Wilkins",ELECTRONICS,SG,LOW
MER00522,Coleman Inc,GAMING,CA,LOW
MER00523,Benjamin Group,ENTERTAINMENT,GB,LOW
MER00524,"Anthony, White and Smith",GAMING,NL,MEDIUM
MER00525,Henry Inc,ELECTRONICS,US,MEDIUM
MER00526,Lowery Ltd,UTILITIES,US,MEDIUM
MER00527,Smith-Barker,FINANCIAL_SERVICES,AE,MEDIUM
MER00528,Brandt Ltd,E_COMMERCE,NL,LOW
MER00529,Hammond-Dunn,ENTERTAINMENT,SG,LOW
MER00530,"Stevens, Pennington and Brooks",UTILITIES,JP,HIGH
MER00531,Andrews Inc,FINANCIAL_SERVICES,FR,LOW
MER00532,Brown Group,FASHION,IT,MEDIUM
MER00533,Bauer Inc,HEALTHCARE,ES,LOW
MER00534,Greene-Jordan,TRANSPORT,GB,LOW
MER00535,Schmidt and Sons,HEALTHCARE,AU,HIGH
MER00536,Daniels PLC,ELECTRONICS,CA,LOW
MER00537,Kirby Inc,FINANCIAL_SERVICES,AE,MEDIUM
MER00538,"Lee, Phillips and Schroeder",GAMING,CA,MEDIUM
MER00539,Miller Group,HEALTHCARE,PK,LOW
MER00540,Collins Group,ELECTRONICS,AE,LOW
MER00541,Williams-Wright,TRANSPORT,FR,LOW
MER00542,"Castro, Bennett and Bennett",TRANSPORT,BE,LOW
MER00543,Thomas Inc,FASHION,CA,MEDIUM
MER00544,King and Sons,GAMING,CA,MEDIUM
MER00545,Blackburn LLC,ELECTRONICS,NL,LOW
MER00546,"Peck, Reed and Hunter",UTILITIES,DE,LOW
MER00547,"Reynolds, Hunter and Olson",E_COMMERCE,JP,LOW
MER00548,Huber LLC,HEALTHCARE,GB,LOW
MER00549,Williams-Taylor,FINANCIAL_SERVICES,JP,HIGH
MER00550,Hamilton-Jarvis,UTILITIES,AU,MEDIUM
MER00551,"Guzman, Vasquez and Holmes",HEALTHCARE,ES,LOW
MER00552,Rose-Fisher,TRAVEL,ES,MEDIUM
MER00553,Rogers Ltd,RESTAURANT,PK,LOW
MER00554,Johnson-Webb,GROCERY,PK,HIGH
MER00555,"Anderson, Price and Mills",FINANCIAL_SERVICES,ES,MEDIUM
MER00556,Blanchard-Lee,ELECTRONICS,AE,MEDIUM
MER00557,Watkins PLC,FASHION,JP,LOW
MER00558,"Fuentes, Lloyd and Downs",RESTAURANT,BE,MEDIUM
MER00559,Taylor-Montes,HEALTHCARE,IN,LOW
MER00560,"Harding, Zimmerman and Deleon",GROCERY,US,LOW
MER00561,Taylor Group,E_COMMERCE,IT,LOW
MER00562,Maddox-Woodard,FINANCIAL_SERVICES,AU,LOW
MER00563,"Duran, Thompson and Erickson",RESTAURANT,GB,LOW
MER00564,Carrillo and Sons,GAMING,JP,LOW
MER00565,Benitez PLC,ENTERTAINMENT,DE,LOW
MER00566,Liu-Carr,FASHION,AE,LOW
MER00567,Taylor Inc,RESTAURANT,AE,MEDIUM
MER00568,Soto-Baldwin,E_COMMERCE,US,HIGH
MER00569,Gonzalez Inc,GAMING,AU,LOW
MER00570,Mercado-Evans,GAMING,DE,LOW
MER00571,Dominguez-Rivas,FASHION,IT,MEDIUM
MER00572,"Parker, Jordan and Garcia",TRANSPORT,BE,LOW
MER00573,"Mitchell, Khan and Torres",UTILITIES,GB,HIGH
MER00574,Hopkins PLC,E_COMMERCE,IT,HIGH
MER00575,Davis-Horn,FINANCIAL_SERVICES,SG,MEDIUM
MER00576,Wilson-Hebert,UTILITIES,PK,LOW
MER00577,Adams Inc,RESTAURANT,FR,LOW
MER00578,Sanchez-King,RESTAURANT,US,LOW
MER00579,Thomas-Lee,GROCERY,PK,LOW
MER00580,Perez Ltd,HEALTHCARE,SG,LOW
MER00581,Bennett LLC,HEALTHCARE,AU,LOW
MER00582,Roberts LLC,ENTERTAINMENT,CA,MEDIUM
MER00583,Conway-Patel,HEALTHCARE,IN,MEDIUM
MER00584,Simpson-Holland,TRANSPORT,FR,MEDIUM
MER00585,Peterson PLC,FINANCIAL_SERVICES,US,LOW
MER00586,Moran-Frye,TRAVEL,US,HIGH
MER00587,"Smith, Harris and Scott",FASHION,DE,MEDIUM
MER00588,James LLC,E_COMMERCE,AE,MEDIUM
MER00589,Jackson-Williams,UTILITIES,BE,LOW
MER00590,Johnson-Peterson,ENTERTAINMENT,US,MEDIUM
MER00591,Jones LLC,GROCERY,PK,LOW
MER00592,Woods LLC,GROCERY,FR,MEDIUM
MER00593,"Maddox, Gallegos and Sullivan",UTILITIES,JP,HIGH
MER00594,Green-Frank,HEALTHCARE,IN,MEDIUM
MER00595,Jimenez-Johnson,GROCERY,NL,LOW
MER00596,"Newton, Hodges and Wright",FINANCIAL_SERVICES,AU,MEDIUM
MER00597,Jackson LLC,RESTAURANT,FR,MEDIUM
MER00598,"Perez, Fernandez and Sandoval",E_COMMERCE,IT,LOW
MER00599,Miles-Baxter,GAMING,JP,HIGH
MER00600,Miller-Aguilar,FASHION,AE,MEDIUM
MER00601,Norris-Guzman,RESTAURANT,SG,MEDIUM
MER00602,Willis-Anderson,FASHION,FR,LOW
MER00603,Green Inc,TRANSPORT,FR,LOW
MER00604,Rodriguez-Jones,TRAVEL,AE,MEDIUM
MER00605,Vasquez Inc,GROCERY,FR,MEDIUM
MER00606,Pope-Mcclure,GROCERY,FR,LOW
MER00607,Miller LLC,E_COMMERCE,FR,LOW
MER00608,Allen-Luna,FINANCIAL_SERVICES,ES,LOW
MER00609,Hart-Williams,FINANCIAL_SERVICES,ES,MEDIUM
MER00610,"Copeland, Dominguez and Schneider",TRAVEL,CA,MEDIUM
MER00611,Davis Inc,ELECTRONICS,FR,LOW
MER00612,Lin PLC,FINANCIAL_SERVICES,IN,LOW
MER00613,"Ellis, Scott and Walsh",RESTAURANT,DE,MEDIUM
MER00614,"Young, Garcia and James",RESTAURANT,PK,HIGH
MER00615,Acosta and Sons,UTILITIES,GB,LOW
MER00616,Olsen-Simmons,ENTERTAINMENT,AE,HIGH
MER00617,Miller and Sons,RESTAURANT,AU,LOW
MER00618,Harris-Wheeler,FASHION,AE,MEDIUM
MER00619,Johnson Inc,UTILITIES,GB,MEDIUM
MER00620,Strong-Reed,HEALTHCARE,PK,LOW
MER00621,"Lucas, Hernandez and Perez",RESTAURANT,FR,LOW
MER00622,Smith LLC,ENTERTAINMENT,AU,LOW
MER00623,Walker-Gaines,FASHION,DE,LOW
MER00624,Tran PLC,E_COMMERCE,IN,MEDIUM
MER00625,Stewart-Banks,FINANCIAL_SERVICES,ES,LOW
MER00626,Arias-Miller,RESTAURANT,BE,MEDIUM
MER00627,Gregory-Todd,ENTERTAINMENT,GB,LOW
MER00628,"Garza, Miller and Chandler",UTILITIES,PK,LOW
MER00629,"Williams, Dunn and George",GAMING,CA,MEDIUM
MER00630,Brown Inc,FASHION,DE,MEDIUM
MER00631,Paul Inc,RESTAURANT,ES,LOW
MER00632,"Bush, Jennings and Robinson",HEALTHCARE,PK,LOW
MER00633,Montoya-Gonzalez,E_COMMERCE,IN,LOW
MER00634,Morgan-Ruiz,ENTERTAINMENT,NL,MEDIUM
MER00635,Powell-Reyes,ELECTRONICS,GB,LOW
MER00636,White-Vargas,E_COMMERCE,FR,HIGH
MER00637,Spencer-Hooper,FINANCIAL_SERVICES,NL,LOW
MER00638,Cole LLC,FINANCIAL_SERVICES,PK,LOW
MER00639,Yoder LLC,TRANSPORT,IN,HIGH
MER00640,Fisher-Morris,E_COMMERCE,AE,LOW
MER00641,"Zamora, Cole and Rodriguez",ENTERTAINMENT,IN,HIGH
MER00642,Schroeder-Lambert,GROCERY,CA,LOW
MER00643,"Clay, Gordon and Mcbride",HEALTHCARE,SG,LOW
MER00644,Preston-Torres,ELECTRONICS,AU,LOW
MER00645,"Jones, Haney and Howard",E_COMMERCE,PK,LOW
MER00646,Vargas-Eaton,ENTERTAINMENT,ES,HIGH
MER00647,Wilson-Fox,E_COMMERCE,AE,MEDIUM
MER00648,Smith-White,TRAVEL,IT,LOW
MER00649,Robinson-Nunez,TRAVEL,ES,LOW
MER00650,"Cunningham, Dixon and Strickland",HEALTHCARE,JP,HIGH
MER00651,Lewis PLC,ENTERTAINMENT,BE,MEDIUM
MER00652,Gordon and Sons,HEALTHCARE,US,LOW
MER00653,Adams-Fletcher,GAMING,IN,LOW
MER00654,"Odom, Olsen and Smith",GROCERY,ES,LOW
MER00655,Cantu Ltd,FASHION,FR,LOW
MER00656,Moore-Miller,TRAVEL,SG,MEDIUM
MER00657,"Brock, Gonzalez and Benitez",GAMING,AE,LOW
MER00658,Clark Inc,TRAVEL,FR,LOW
MER00659,Hill-Compton,TRANSPORT,AE,MEDIUM
MER00660,Roberts-Mann,FASHION,US,HIGH
MER00661,Lopez-Mcguire,HEALTHCARE,AE,LOW
MER00662,"Smith, Brown and Barnett",TRANSPORT,NL,LOW
MER00663,Banks-Hudson,TRANSPORT,ES,HIGH
MER00664,Thomas Ltd,TRANSPORT,US,LOW
MER00665,Bullock-Lee,TRAVEL,US,MEDIUM
MER00666,"Brooks, Ellis and Martin",GROCERY,FR,LOW
MER00667,Turner Group,FASHION,AU,LOW
MER00668,Wallace-Butler,FINANCIAL_SERVICES,FR,MEDIUM
MER00669,Jacobs-Wright,FASHION,PK,MEDIUM
MER00670,Rodriguez-Collins,HEALTHCARE,GB,MEDIUM
MER00671,"Austin, Dixon and Scott",UTILITIES,ES,MEDIUM
MER00672,Banks-Johnson,GAMING,FR,LOW
MER00673,Graves PLC,FINANCIAL_SERVICES,AE,MEDIUM
MER00674,Stevenson-Patrick,FASHION,IN,HIGH
MER00675,"Olsen, Mason and Huff",UTILITIES,NL,MEDIUM
MER00676,Holmes-Hart,GAMING,DE,LOW
MER00677,"Williams, Morales and Ortiz",FINANCIAL_SERVICES,NL,MEDIUM
MER00678,Thomas-Black,FASHION,DE,LOW
MER00679,Spence-Johnson,UTILITIES,IN,LOW
MER00680,Patterson-Phelps,ENTERTAINMENT,IN,LOW
MER00681,"Cole, Johnson and Roberson",TRANSPORT,JP,LOW
MER00682,Ellison Inc,ENTERTAINMENT,SG,MEDIUM
MER00683,Weber and Sons,HEALTHCARE,BE,MEDIUM
MER00684,Bailey-Lucas,RESTAURANT,SG,LOW
MER00685,Gonzalez-Lopez,GAMING,SG,MEDIUM
MER00686,Gutierrez Group,ELECTRONICS,DE,LOW
MER00687,Jones-Higgins,E_COMMERCE,NL,MEDIUM
MER00688,Mack PLC,FINANCIAL_SERVICES,CA,MEDIUM
MER00689,Nelson-Collins,GAMING,IT,LOW
MER00690,Hall-Hall,HEALTHCARE,CA,LOW
MER00691,Bartlett PLC,E_COMMERCE,ES,MEDIUM
MER00692,Morrison-Higgins,FASHION,AE,MEDIUM
MER00693,"Jimenez, Stewart and Wilcox",ENTERTAINMENT,BE,HIGH
MER00694,Schmidt-Freeman,GAMING,CA,LOW
MER00695,Wheeler-Nelson,HEALTHCARE,ES,LOW
MER00696,Jenkins-Allen,UTILITIES,AE,LOW
MER00697,Thompson-Barnett,FINANCIAL_SERVICES,GB,LOW
MER00698,Bell LLC,GAMING,BE,LOW
MER00699,Moore-Williams,GROCERY,JP,LOW
MER00700,Barry-Peterson,FINANCIAL_SERVICES,PK,LOW
MER00701,Perez-Espinoza,GROCERY,SG,LOW
MER00702,"James, Kelly and Moreno",RESTAURANT,JP,LOW
MER00703,"Williams, Williams and Miller",FASHION,IT,MEDIUM
MER00704,Zimmerman-Perkins,UTILITIES,BE,LOW
MER00705,Potts-Long,TRAVEL,BE,MEDIUM
MER00706,Soto-Fletcher,E_COMMERCE,CA,LOW
MER00707,Flores Ltd,TRAVEL,ES,LOW
MER00708,"Gonzalez, Smith and Goodman",ELECTRONICS,AE,HIGH
MER00709,"Diaz, Taylor and Robles",TRAVEL,IT,LOW
MER00710,"Ellis, Wong and Reyes",FASHION,GB,MEDIUM
MER00711,"Williams, Johnson and Lang",E_COMMERCE,AE,LOW
MER00712,Jackson and Sons,TRANSPORT,AE,MEDIUM
MER00713,Allen and Sons,FASHION,SG,LOW
MER00714,Molina-Benitez,HEALTHCARE,AE,HIGH
MER00715,Novak LLC,ENTERTAINMENT,BE,MEDIUM
MER00716,"Peterson, Montgomery and Taylor",GAMING,PK,LOW
MER00717,Melendez-Sanchez,GROCERY,JP,LOW
MER00718,"Williams, Holloway and Miller",FINANCIAL_SERVICES,IN,MEDIUM
MER00719,"Salazar, Hendrix and Morales",GROCERY,CA,LOW
MER00720,Wilkerson Group,TRAVEL,IT,HIGH
MER00721,"Clarke, Gonzales and Yang",GAMING,US,MEDIUM
MER00722,Scott-Gibson,UTILITIES,DE,LOW
MER00723,Mitchell-Wheeler,ELECTRONICS,PK,HIGH
MER00724,"Cobb, Carson and Williams",HEALTHCARE,US,LOW
MER00725,Johnson-Garcia,ENTERTAINMENT,DE,LOW
MER00726,Olson and Sons,RESTAURANT,DE,LOW
MER00727,Riley-Stanley,TRANSPORT,SG,LOW
MER00728,Rodriguez Ltd,FASHION,JP,LOW
MER00729,Norris Ltd,RESTAURANT,IT,LOW
MER00730,Reeves-Proctor,UTILITIES,IT,LOW
MER00731,French PLC,TRANSPORT,ES,LOW
MER00732,Foster-Johnston,ELECTRONICS,DE,MEDIUM
MER00733,West-Wright,FINANCIAL_SERVICES,US,MEDIUM
MER00734,"Mckinney, Brown and Hawkins",GROCERY,BE,MEDIUM
MER00735,"Taylor, Ford and Whitaker",RESTAURANT,AE,MEDIUM
MER00736,Marquez PLC,UTILITIES,IT,MEDIUM
MER00737,"Lindsey, Chambers and Kennedy",GAMING,PK,LOW
MER00738,"Hamilton, Bautista and Smith",ELECTRONICS,FR,MEDIUM
MER00739,Johnson Inc,FINANCIAL_SERVICES,IN,MEDIUM
MER00740,Reed-Jackson,E_COMMERCE,AE,LOW
MER00741,Drake-Leonard,ELECTRONICS,IN,LOW
MER00742,Dorsey Ltd,GAMING,FR,MEDIUM
MER00743,Rodgers-Ellis,RESTAURANT,CA,LOW
MER00744,Jones-Castillo,GAMING,FR,MEDIUM
MER00745,Garcia Ltd,ENTERTAINMENT,IN,LOW
MER00746,Davis Ltd,GROCERY,IT,LOW
MER00747,Harris-Bell,HEALTHCARE,ES,MEDIUM
MER00748,Cameron PLC,E_COMMERCE,IT,LOW
MER00749,Richardson-Wilson,FASHION,JP,LOW
MER00750,Dennis-Brown,UTILITIES,GB,LOW
MER00751,Snow-Warner,HEALTHCARE,ES,HIGH
MER00752,"Mason, Nichols and Parker",GAMING,GB,LOW
MER00753,"Byrd, Griffin and Chambers",GROCERY,CA,HIGH
MER00754,"Curtis, Franklin and Nelson",E_COMMERCE,CA,MEDIUM
MER00755,Shea-Hughes,TRAVEL,IN,LOW
MER00756,"Wallace, Ball and Holmes",FASHION,IN,MEDIUM
MER00757,"Hamilton, Evans and Russell",FINANCIAL_SERVICES,GB,LOW
MER00758,Horton-Johnston,GAMING,SG,LOW
MER00759,Cole-Walton,ENTERTAINMENT,DE,LOW
MER00760,Gonzalez Group,FINANCIAL_SERVICES,DE,LOW
MER00761,"Jones, Mcdonald and Hudson",ELECTRONICS,US,LOW
MER00762,Woods-Brown,UTILITIES,IN,MEDIUM
MER00763,"Newman, Brown and Washington",HEALTHCARE,IN,LOW
MER00764,Green-Frederick,RESTAURANT,NL,LOW
MER00765,"Gilbert, Phillips and Nelson",E_COMMERCE,IN,MEDIUM
MER00766,Ellis PLC,ENTERTAINMENT,SG,LOW
MER00767,Rose Group,TRAVEL,AU,LOW
MER00768,"King, Tucker and Ryan",FASHION,AE,HIGH
MER00769,Hawkins LLC,ENTERTAINMENT,AE,HIGH
MER00770,Carlson-Wallace,RESTAURANT,GB,LOW
MER00771,"Jenkins, Bell and Bell",TRANSPORT,IT,HIGH
MER00772,Miller Group,FINANCIAL_SERVICES,IT,MEDIUM
MER00773,"Frazier, Lewis and Rivera",FINANCIAL_SERVICES,IN,LOW
MER00774,Flynn PLC,HEALTHCARE,GB,LOW
MER00775,Howard Inc,FINANCIAL_SERVICES,SG,LOW
MER00776,Hood-Holder,TRANSPORT,SG,HIGH
MER00777,"Davis, Hurley and Watkins",ELECTRONICS,AU,LOW
MER00778,Page Ltd,GROCERY,IN,LOW
MER00779,Gregory and Sons,ENTERTAINMENT,CA,HIGH
MER00780,"Joyce, Miles and Peterson",ENTERTAINMENT,US,LOW
MER00781,"Martin, Gardner and Terry",UTILITIES,CA,LOW
MER00782,"Barajas, Lee and Smith",ELECTRONICS,US,LOW
MER00783,"Black, Miller and Jimenez",TRANSPORT,AE,MEDIUM
MER00784,Glover Ltd,E_COMMERCE,US,HIGH
MER00785,Lawson-Dixon,ELECTRONICS,NL,MEDIUM
MER00786,Stokes PLC,UTILITIES,US,MEDIUM
MER00787,"Clark, Young and Gould",TRANSPORT,AU,LOW
MER00788,"Fuller, Ruiz and Phillips",ENTERTAINMENT,ES,LOW
MER00789,Mayer-Wilson,FINANCIAL_SERVICES,BE,LOW
MER00790,Watkins PLC,FINANCIAL_SERVICES,FR,HIGH
MER00791,"Garcia, Lewis and Gentry",E_COMMERCE,NL,LOW
MER00792,"Oconnell, Porter and Myers",GROCERY,FR,LOW
MER00793,"Olson, Williamson and Simpson",GAMING,NL,MEDIUM
MER00794,Cobb and Sons,FASHION,AU,LOW
MER00795,Martinez-Steele,HEALTHCARE,DE,MEDIUM
MER00796,"Lang, Hamilton and Owens",ELECTRONICS,CA,LOW
MER00797,Martinez-Dennis,TRAVEL,BE,MEDIUM
MER00798,Flynn-Perry,GAMING,SG,LOW
MER00799,Garcia-Beck,ELECTRONICS,SG,MEDIUM
MER00800,"Peck, Maldonado and Mccall",UTILITIES,SG,MEDIUM
MER00801,Lee-Carson,FASHION,GB,LOW
MER00802,"Butler, Jones and Lee",FASHION,SG,MEDIUM
MER00803,"Smith, Cook and Carter",TRAVEL,ES,LOW
MER00804,Johnston and Sons,ELECTRONICS,AU,LOW
MER00805,Schmitt-Williams,FINANCIAL_SERVICES,PK,LOW
MER00806,"Maynard, Tate and Cole",FINANCIAL_SERVICES,FR,HIGH
MER00807,Carson Inc,E_COMMERCE,JP,HIGH
MER00808,"Owens, Gray and Gonzalez",FINANCIAL_SERVICES,BE,LOW
MER00809,Camacho-Monroe,UTILITIES,IT,LOW
MER00810,Meyers-Mckenzie,GAMING,IN,LOW
MER00811,Palmer-Carroll,GAMING,IN,LOW
MER00812,"Christensen, Roberts and Lewis",FINANCIAL_SERVICES,GB,LOW
MER00813,Martinez Ltd,HEALTHCARE,US,HIGH
MER00814,Lopez LLC,TRAVEL,SG,LOW
MER00815,Chen-Jackson,ELECTRONICS,ES,LOW
MER00816,"Elliott, Baxter and Bass",ELECTRONICS,NL,MEDIUM
MER00817,Ramos Inc,HEALTHCARE,SG,LOW
MER00818,Anderson Group,TRAVEL,DE,LOW
MER00819,Bradshaw Inc,RESTAURANT,SG,LOW
MER00820,Ali PLC,ELECTRONICS,US,LOW
MER00821,Holland and Sons,TRAVEL,US,HIGH
MER00822,Miller and Sons,ELECTRONICS,IT,MEDIUM
MER00823,"Montes, Conway and Mcdonald",FASHION,IT,LOW
MER00824,Flowers-Morgan,ENTERTAINMENT,PK,MEDIUM
MER00825,Hoover-Fields,E_COMMERCE,JP,LOW
MER00826,Estrada-Gutierrez,RESTAURANT,BE,LOW
MER00827,Jennings-Pena,UTILITIES,GB,LOW
MER00828,Hernandez-Thompson,TRAVEL,NL,MEDIUM
MER00829,Graham-Robinson,TRANSPORT,US,MEDIUM
MER00830,"Daniels, Wright and Walker",HEALTHCARE,DE,LOW
MER00831,Fisher-Garcia,ELECTRONICS,IT,HIGH
MER00832,"Harris, Freeman and Ortiz",UTILITIES,PK,LOW
MER00833,"King, Waller and Walker",FINANCIAL_SERVICES,BE,HIGH
MER00834,"Lee, Robbins and Newton",GAMING,CA,MEDIUM
MER00835,Davenport-Kelly,GROCERY,DE,LOW
MER00836,Miles-Stephens,ENTERTAINMENT,AE,MEDIUM
MER00837,Sanchez-Carlson,E_COMMERCE,PK,LOW
MER00838,Dunn-Caldwell,E_COMMERCE,GB,HIGH
MER00839,Perry Inc,HEALTHCARE,PK,LOW
MER00840,Elliott-Leach,FASHION,AU,LOW
MER00841,"Davis, Robertson and Malone",GAMING,IT,LOW
MER00842,Chandler Group,RESTAURANT,IN,MEDIUM
MER00843,"Shepard, Hernandez and Anderson",E_COMMERCE,DE,LOW
MER00844,"Dodson, Harper and Matthews",UTILITIES,JP,MEDIUM
MER00845,Hernandez-Preston,TRANSPORT,ES,MEDIUM
MER00846,"Cooper, Young and Phelps",TRANSPORT,JP,HIGH
MER00847,"Morgan, Brooks and Hicks",FINANCIAL_SERVICES,SG,MEDIUM
MER00848,"Mason, Diaz and Finley",ENTERTAINMENT,CA,LOW
MER00849,Stafford and Sons,FINANCIAL_SERVICES,JP,MEDIUM
MER00850,"Roberts, Thomas and Lewis",ELECTRONICS,US,LOW
MER00851,Wright Ltd,TRAVEL,BE,MEDIUM
MER00852,Montgomery-Reese,HEALTHCARE,JP,LOW
MER00853,"Nichols, Young and Perez",FINANCIAL_SERVICES,FR,MEDIUM
MER00854,Alvarado and Sons,FINANCIAL_SERVICES,US,LOW
MER00855,"Haney, Shea and Perry",FASHION,FR,MEDIUM
MER00856,"Tran, Matthews and Allen",UTILITIES,AU,LOW
MER00857,Shaw-Young,GAMING,JP,LOW
MER00858,Johnston-Carter,TRANSPORT,SG,LOW
MER00859,"Haynes, Bailey and Ruiz",FINANCIAL_SERVICES,IN,MEDIUM
MER00860,Lynn Ltd,ELECTRONICS,CA,MEDIUM
MER00861,Martin-Hicks,ENTERTAINMENT,IN,LOW
MER00862,Lewis-Shaffer,FASHION,DE,LOW
MER00863,"Oneal, Rice and Luna",UTILITIES,IN,LOW
MER00864,Cummings-Morgan,RESTAURANT,IT,LOW
MER00865,Lewis-Kirby,ELECTRONICS,DE,MEDIUM
MER00866,Martinez-Burke,GAMING,AE,HIGH
MER00867,"Powell, Guerrero and Wilson",ELECTRONICS,CA,LOW
MER00868,Smith Ltd,E_COMMERCE,FR,MEDIUM
MER00869,Aguilar Inc,E_COMMERCE,SG,LOW
MER00870,Chandler Ltd,GROCERY,CA,MEDIUM
MER00871,Johnson PLC,FINANCIAL_SERVICES,SG,HIGH
MER00872,Delgado-Sanchez,GROCERY,AE,HIGH
MER00873,Long-Smith,FASHION,IT,LOW
MER00874,Smith Inc,TRAVEL,ES,HIGH
MER00875,Burch PLC,FINANCIAL_SERVICES,BE,LOW
MER00876,"Gonzalez, Gross and Marsh",ELECTRONICS,CA,LOW
MER00877,Thompson LLC,UTILITIES,ES,HIGH
MER00878,Castro LLC,FASHION,DE,LOW
MER00879,Mcgee Inc,RESTAURANT,GB,LOW
MER00880,Harrington PLC,GROCERY,SG,MEDIUM
MER00881,Logan LLC,TRAVEL,SG,MEDIUM
MER00882,Tran and Sons,HEALTHCARE,CA,LOW
MER00883,Stone and Sons,GAMING,JP,LOW
MER00884,"Navarro, Flores and Warner",ENTERTAINMENT,CA,HIGH
MER00885,"Huerta, Hoffman and Fisher",ENTERTAINMENT,BE,LOW
MER00886,"Hughes, Gonzalez and Brown",TRAVEL,PK,LOW
MER00887,Davenport LLC,HEALTHCARE,FR,HIGH
MER00888,"Stone, Mills and Clements",ELECTRONICS,NL,HIGH
MER00889,Brown Inc,HEALTHCARE,AE,HIGH
MER00890,Ramirez Group,HEALTHCARE,US,LOW
MER00891,"Harris, Montes and Page",GAMING,DE,LOW
MER00892,Schneider Inc,FASHION,PK,HIGH
MER00893,Barnes-Moore,ELECTRONICS,IN,LOW
MER00894,"Owen, Gates and Yang",TRAVEL,CA,LOW
MER00895,Webb-Ball,TRAVEL,GB,LOW
MER00896,"Garcia, Flores and Elliott",E_COMMERCE,AE,LOW
MER00897,"Meyer, Parks and Powell",TRAVEL,IT,HIGH
MER00898,"Bailey, Meza and Bell",TRAVEL,GB,LOW
MER00899,Forbes-Johnson,HEALTHCARE,BE,HIGH
MER00900,"Hernandez, Webb and Smith",HEALTHCARE,BE,HIGH
MER00901,Thomas PLC,FASHION,CA,MEDIUM
MER00902,Bowman-Mcdonald,GROCERY,IN,MEDIUM
MER00903,Adams-Adams,E_COMMERCE,FR,LOW
MER00904,"Rojas, Turner and Vasquez",HEALTHCARE,FR,HIGH
MER00905,Miller-Hernandez,FASHION,GB,MEDIUM
MER00906,Mckenzie Group,FASHION,FR,MEDIUM
MER00907,"Hammond, Hernandez and Wilson",GAMING,JP,LOW
MER00908,"Young, Taylor and Gardner",TRANSPORT,FR,LOW
MER00909,Abbott Group,E_COMMERCE,SG,MEDIUM
MER00910,Becker PLC,GROCERY,DE,MEDIUM
MER00911,"Anderson, Woods and Jordan",UTILITIES,CA,MEDIUM
MER00912,Parsons-Sloan,ELECTRONICS,BE,HIGH
MER00913,"Cruz, Foster and Thomas",E_COMMERCE,IT,MEDIUM
MER00914,"Miller, Gibbs and Robinson",ENTERTAINMENT,AE,MEDIUM
MER00915,Blackburn-Waller,RESTAURANT,NL,HIGH
MER00916,Shaw Inc,ENTERTAINMENT,SG,LOW
MER00917,Barker-Mills,GAMING,ES,LOW
MER00918,Martin PLC,GAMING,FR,LOW
MER00919,"Gonzalez, Yang and Burgess",UTILITIES,IT,MEDIUM
MER00920,Baker-Phillips,ENTERTAINMENT,CA,MEDIUM
MER00921,Martinez-Martinez,TRAVEL,IN,LOW
MER00922,Smith-Sanchez,FASHION,AU,LOW
MER00923,Lopez-Duffy,GROCERY,FR,LOW
MER00924,"Cameron, Robertson and Allen",GAMING,CA,HIGH
MER00925,Francis-Wade,GROCERY,ES,MEDIUM
MER00926,Miller PLC,RESTAURANT,US,MEDIUM
MER00927,"Frank, Alvarez and Smith",TRAVEL,JP,MEDIUM
MER00928,Soto-Warner,TRANSPORT,PK,LOW
MER00929,Martin-Wood,TRAVEL,AU,HIGH
MER00930,Robinson LLC,UTILITIES,JP,HIGH
MER00931,Pham-Zimmerman,E_COMMERCE,JP,MEDIUM
MER00932,Jackson Inc,UTILITIES,DE,LOW
MER00933,Williamson LLC,UTILITIES,CA,MEDIUM
MER00934,Johnson-Wiggins,TRAVEL,AE,MEDIUM
MER00935,Simpson and Sons,RESTAURANT,IN,MEDIUM
MER00936,"Strong, Mosley and Reyes",HEALTHCARE,CA,MEDIUM
MER00937,"Branch, Reeves and Garza",RESTAURANT,ES,MEDIUM
MER00938,Bullock Ltd,GROCERY,BE,LOW
MER00939,Benson Ltd,TRANSPORT,IN,LOW
MER00940,"Williams, Chen and Hernandez",FINANCIAL_SERVICES,US,LOW
MER00941,Mosley-Brooks,FASHION,US,HIGH
MER00942,Murray-Jackson,RESTAURANT,FR,MEDIUM
MER00943,"Berg, Williams and Graham",TRANSPORT,FR,MEDIUM
MER00944,Donovan-Travis,HEALTHCARE,SG,HIGH
MER00945,Hernandez Inc,ELECTRONICS,IN,HIGH
MER00946,Andersen Group,E_COMMERCE,ES,MEDIUM
MER00947,Young-Singh,ENTERTAINMENT,ES,MEDIUM
MER00948,Bullock-Matthews,RESTAURANT,AE,LOW
MER00949,"Dean, Palmer and Ho",GAMING,ES,MEDIUM
MER00950,"Dominguez, Phillips and Rasmussen",TRAVEL,AU,LOW
MER00951,Martinez-Price,RESTAURANT,CA,MEDIUM
MER00952,Johnson PLC,FASHION,IN,LOW
MER00953,Wagner-Robinson,FINANCIAL_SERVICES,AE,LOW
MER00954,Warren and Sons,HEALTHCARE,US,LOW
MER00955,Brown Group,TRAVEL,DE,LOW
MER00956,Hancock-Reynolds,UTILITIES,IN,MEDIUM
MER00957,Christensen-May,ENTERTAINMENT,PK,MEDIUM
MER00958,Clark Ltd,RESTAURANT,IT,LOW
MER00959,Foster-Miller,E_COMMERCE,BE,HIGH
MER00960,"Griffith, Bryan and Anthony",FINANCIAL_SERVICES,AE,MEDIUM
MER00961,Hickman-Flores,FASHION,JP,LOW
MER00962,Santos-Williams,ELECTRONICS,AE,LOW
MER00963,Hunter-Gray,TRAVEL,AU,MEDIUM
MER00964,Wheeler Group,GAMING,GB,LOW
MER00965,"Gould, Chandler and Mcclure",RESTAURANT,DE,MEDIUM
MER00966,Webb Group,E_COMMERCE,PK,LOW
MER00967,Clark-Myers,FASHION,GB,HIGH
MER00968,Perez PLC,ELECTRONICS,AE,LOW
MER00969,"Adams, Carrillo and Werner",TRAVEL,GB,MEDIUM
MER00970,"Hayden, Shea and Duncan",HEALTHCARE,DE,LOW
MER00971,Herrera-Smith,RESTAURANT,US,LOW
MER00972,"Hill, Shannon and Wood",TRANSPORT,NL,HIGH
MER00973,"Barnes, Robinson and Simmons",FASHION,IT,LOW
MER00974,Preston Ltd,RESTAURANT,CA,HIGH
MER00975,"Johnson, Morgan and Morris",ENTERTAINMENT,IT,LOW
MER00976,Mckay-Miller,ELECTRONICS,IT,LOW
MER00977,"Mitchell, Powell and Hernandez",TRAVEL,IT,LOW
MER00978,"Reed, Howe and Keller",GROCERY,GB,HIGH
MER00979,Collins-Sexton,ENTERTAINMENT,US,MEDIUM
MER00980,"Hernandez, Harris and Cox",GAMING,GB,MEDIUM
MER00981,Wiley-Nielsen,ELECTRONICS,US,MEDIUM
MER00982,"Sellers, Ferrell and White",GAMING,NL,HIGH
MER00983,Walsh-Bryan,FASHION,NL,HIGH
MER00984,Singh LLC,ENTERTAINMENT,BE,HIGH
MER00985,"Parrish, Simmons and Reeves",TRANSPORT,NL,LOW
MER00986,Nelson-Murray,TRANSPORT,DE,MEDIUM
MER00987,"Flynn, Oliver and Harrington",UTILITIES,IT,MEDIUM
MER00988,"Hall, Cruz and French",E_COMMERCE,JP,LOW
MER00989,"Harris, Sherman and Odom",E_COMMERCE,AE,LOW
MER00990,"Taylor, Wolf and Jones",ELECTRONICS,PK,MEDIUM
MER00991,Payne Inc,HEALTHCARE,CA,MEDIUM
MER00992,Stone-Watson,GROCERY,NL,LOW
MER00993,Garcia-Hoffman,TRAVEL,FR,LOW
MER00994,"Richards, Wright and Hopkins",RESTAURANT,BE,LOW
MER00995,Johnson-Thornton,GAMING,NL,MEDIUM
MER00996,"Farrell, Mcdowell and Castro",GROCERY,BE,MEDIUM
MER00997,Harrison-Garza,GAMING,SG,MEDIUM
MER00998,Valdez and Sons,FINANCIAL_SERVICES,BE,MEDIUM
MER00999,"Tanner, Patel and Harris",UTILITIES,AU,MEDIUM
MER01000,Sims Ltd,FINANCIAL_SERVICES,SG,LOW
